Name,Address,Description
Kenneth Cabrera,"PSC 0090, Box 6881, APO AP 95570",Minute itself plan. 
Megan Horn,"188 Morris Harbors Apt. 069, Williamton, RI 59074",Under every local gr
Janet Flores,"PSC 2649, Box 2960, APO AP 84622",Full young form whol
Richard Williams,"47886 Dillon Shores, Larsonland, DC 17078",Exactly behind sense
Kimberly Murray,"433 Rogers Squares, East Rebekahland, VA 96291",Five process find sp
Victoria Parrish,"59774 Brian Radial, East Jenniferfort, SD 57644",Model ever argue dec
Tracy Hall,"0147 Taylor Parkway, East Robert, LA 81711",World magazine many 
Jesse Fitzgerald,"05705 Elizabeth Flats Suite 101, Hamptonchester, NY 53022",What we deal drop th
Daniel Rose,"8618 Kelley Spur, Anthonyshire, MI 95093",There stage field di
Theresa Garrett,"06216 Lawrence Mountains Suite 223, East Amanda, IL 82297",Hotel event protect
Anthony Smith,"65429 Brenda Knoll Apt. 903, Huffberg, NE 51401",Ground benefit dream
Janet Moore,"475 Jones Ridge, Smithstad, KS 60280",Price world despite 
Ian Sanders,"2096 Emily Row Apt. 723, West Mark, AR 32396",Machine star politic
Bradley Marshall,"2271 Patricia Ports, New Jessica, FL 30498",American institution
Dominique Ingram,"2549 Jones Estate, Bethtown, VI 65766",Ok project statement
Robin Williamson,"78937 Traci Street, Bakerberg, FM 34917",It behind majority d
Melissa Barrera,"7676 Sean Haven Apt. 575, Martinton, GU 38797",Read entire system a
Logan Wheeler,"62994 Paul Row, Port Christophermouth, PW 04201",Sister decade qualit
Danielle Mcneil,"050 Cain Ways, West Kevin, SC 12782",Paper expert five tr
Susan Wheeler,"7598 Sherman Plaza, Michaelfort, OH 94505",Spend fly rule yes c
Darren Miller,"55798 Robert Mall, Salazarchester, TN 88520",City training push s
Heather Cline DVM,"19349 Alexander Locks, New Nathanside, OK 41962",Weight lose western 
Andrea Todd,"8169 Williams Radial, Port Dawnfort, ND 06473",Many early third deb
Matthew Smith,"707 Gonzalez Stream, Andreachester, AK 89647",Subject image food e
Tina Johnson,"2172 Bennett Hills Suite 445, Lake Ronald, GU 21102",Three out it ball va
Angela Zavala,"2290 Meghan Spur, North Elizabeth, ND 75141",Leader standard glas
Michelle Anderson,"96266 Anderson Crescent Apt. 622, Pattyhaven, NJ 09538",Image sort possible 
Micheal Bailey,"847 Elizabeth Mountains, Lake Dannyview, IA 83296",Once bed scientist b
Deanna Smith,"350 Dickerson Spring, Farmermouth, SD 42569",Keep place meet issu
Karen Miranda,"108 Mark Ford Suite 679, Rodneyland, AR 41942",Lay music education
Tina Miller,"5991 Hernandez Plain, New Nicholasfort, MN 45526",Television skin shak
Kristine Morales,"0173 Figueroa Mount Apt. 514, East Melissa, WY 82648",Around wall keep sev
Kelly Waters,"10963 Cisneros Cove Apt. 974, North Leslie, MP 14552",Society half somethi
Amy Price,"16811 Johnson Roads, North Miguelbury, OK 75829",Century maybe differ
Tracy Sanders,"5927 Amanda Curve Apt. 805, North Lindsay, IA 74615",Win policy table goo
Jeffrey Vega,"992 Silva Station, West Stevenville, MP 74747",Face road up piece f
Michael Mcdaniel,"4633 French Bypass, Munozton, DC 51697",Society green laugh 
Colleen Collins,"USNS Williams, FPO AE 65659",Yes ten state. Dinne
April Robinson,"068 Carter Lakes, Lake Karaville, MP 93909",Radio not send head.
Austin Allen,"3100 Diane Circle, Aaronborough, PW 82123",Half goal top form w
Anthony Smith,"097 Rebecca Gateway, Woodwardshire, LA 27235",Customer necessary c
Paul Gonzalez,"4689 Ebony Track Apt. 148, Martinezshire, OR 22177",Baby assume another 
Margaret Rollins,"4763 Diane Green, South Michaelstad, TX 08934",Blue great include g
Mary Mcmahon,"0175 James Stream, North Benjaminshire, ND 65483",Her western true gir
Justin Morgan,"1211 Gallagher Skyway Apt. 425, Lake Brian, KY 91654",Eat significant down
Tammy Wallace,"173 Brown Walks Suite 170, Mercadoshire, TX 93229",Attorney industry in
David Solomon,"3444 Pace Overpass, Rachelview, OR 85341",War fly appear admit
Stephanie Gomez,"955 Hudson Fords Suite 846, Powellville, WI 11784",Sometimes former str
Sara Hart,"6990 Medina Rest, Matthewstad, AK 85214",Color senior take vo
Michelle Meyers,"312 Hill Canyon, Smithfort, MO 47518",Trip cost believe we
James Barber,"640 Raymond Mill, Ferrellview, FM 05103",Meeting plant follow
Julie Herman,"PSC 9989, Box 6013, APO AP 38834",Item put three stand
David Fitzgerald,"42984 Mercado Causeway Apt. 220, Port Jeffrey, PW 50191",But end light join s
Pamela Alvarez,"1669 Kramer Curve Apt. 638, Kiddchester, MA 13257",Far this worry skin 
Patricia Holt,"62914 Nolan Square Suite 364, Dicksonland, DE 49262",On boy our great lit
Ryan Watson,"Unit 5137 Box 9673, DPO AE 09227",Product by Mr whose 
Ashley Hawkins,"4961 Thomas Loaf Suite 777, Port Andrew, PA 37362",How per develop summ
Taylor Nelson,"93458 Santos Lodge Apt. 905, South Jamesstad, MT 66077",Daughter cup than it
Kim Pierce,"07887 Stanton Mills, Smithport, KS 47385",Rock able stuff need
Richard Kelly,"3184 Matthew Loaf Suite 838, Scottbury, CT 18766",Foot mind day sell v
Chloe Richardson,"88032 Sara Loaf, Hendersontown, WA 73329",Mr agree late.
Job h
Nicole Moore,"953 Carter Overpass Apt. 579, Obrientown, OK 41588",Direction age involv
Tiffany Edwards,"98358 Sherman Row, West Kyle, DC 50773",Whether box though l
Jeffrey Lee,"048 Ray Hill, Lake Brianborough, OK 73159",Recently different b
Jeremy Lee,"2535 White Hill, Callahanbury, CO 12169",Once great sit. Disc
Jennifer Flynn,"27402 Hill Ranch, Cassandrachester, SC 33597",From they keep want 
Barbara Montgomery,"296 Schmidt Circle, New Tamaraburgh, MA 50509",Treat operation nece
Diana Ware,"26811 Hill Motorway, Vasquezport, ME 05136",Son difficult fight 
Paul Smith,"54798 Jessica Plaza Apt. 804, East David, MH 92518",Reach affect measure
Lori Berg,"66143 Ward Motorway Suite 118, West Annhaven, HI 51126",Husband turn traditi
Randy Matthews,"USCGC Bond, FPO AA 14633",Growth whom contain 
Amy Evans,"21470 Michael Gateway, South Garyburgh, SD 69792",Candidate model hope
Amanda Lynch,"950 Conner Station Apt. 799, South Joshua, MS 12349",Born he manager iden
Mr. Scott Greene,"08443 Daniel Turnpike Apt. 178, West Andrew, PW 90642",Fine foot manage lot
Samuel Moreno,"313 Rebecca Dam Apt. 255, New Eric, CO 12014",No gas decade health
Nicholas Adams,"29890 Lowery Place Apt. 716, Toddland, FL 20378",Same treat actually 
John Brewer,"75992 Martinez Port, South Jacobchester, UT 30459",Production growth ye
Meghan Booth,"58779 Lewis Throughway, South Richardbury, KS 92264",Spend reflect say. T
Kimberly Lara,"413 Figueroa Row Suite 285, Port Danastad, NY 52074",Feeling second cover
Andre Watson,"PSC 1256, Box 5826, APO AP 24866",Site seat get part s
Ariana Carroll,,Food store less buy 
Natalie Jones,"2119 John Plains, New Sydney, MN 31049",Maintain although ad
Robert Salinas,"04698 Bullock Villages, Keithhaven, OH 88916",Investment hold actu
Emily Frey,"440 Marc Bypass Apt. 486, Lake Cody, DC 67987",Operation sister awa
Monica Howard,"96397 Hill Tunnel, New Robert, PR 55704",Sing what change his
Olivia Mitchell,"1144 Kevin Inlet Apt. 826, Oliverstad, MS 80819",Also standard firm u
Julia Duncan,"Unit 0065 Box 7041, DPO AA 33149",Unit simple popular 
Elizabeth Richardson,"USNV Vasquez, FPO AA 39192",Huge support despite
Kelsey Reilly,"99844 Travis Ford, Katieville, UT 15262",Late benefit defense
Michael Mcneil,"41798 Christina Meadows Suite 691, Port Pamela, WY 24595",Most ability role us
Michael Alvarez,"377 Williams Knoll, Nancyside, NE 48359",Cultural leave citiz
Nicole Thomas,"733 Peters Rapid, Stephensstad, WI 18888",Policy mouth rate ac
James Richards,"60436 Russell Bridge, East Michael, NJ 19477",Program whole agency
Joel Williams,"577 Denise Centers, New Hannahmouth, PW 83307",Pay example people b
Steven Graham,"879 Michael Wall, Burnettfurt, IN 96922",Hour role everybody 
Jonathan Boone,"Unit 9602 Box 8350, DPO AP 64682",Huge institution tra
Darrell Solis,"2254 Moore Islands, Stewartview, DC 53440",Focus ago TV. Same r
Aaron Cook,"2607 Russell Loaf, Singhburgh, LA 05013",Common long debate r
Kathleen Diaz,"8953 Jessica Stream, West Michaelside, MS 19119",Develop author good 
April Thomas,"95511 Leroy Land Suite 723, West Joseph, HI 68928",Could mouth across p
Cindy Morris,"USS Warren, FPO AE 87412",Option but professor
Brian Lee,"707 Adam Mountain, Peckland, NE 87936",Toward music side pe
Mary Wright,"69066 Ashley Unions, Wilsonburgh, AS 16856",Create hour lay choo
Daniel Smith,"5391 Francis Common Suite 931, West Karenmouth, MH 04183",Space beyond system 
Douglas Black,"819 Richardson Mall, Nicolemouth, OK 01860",Walk fight father dr
Melissa Walton,"483 Chris Way, Youngport, NJ 80692",Sit result model sco
Devin Acosta,"1347 Robin Shoals Suite 287, Jeromemouth, MT 96580",Day window practice 
Jennifer Gonzales,"3403 Tyler Plain Suite 231, Lake Maria, AS 39047",Of heart until decad
Jordan Payne,"5614 Eric Stravenue, West Elizabeth, ME 42061",Husband nation we ch
Tracy Webster,"733 Chapman Port, Morrisbury, AZ 17755",Write town factor cl
Ross Harmon,"81945 Crystal Mews, Gregoryshire, UT 56477",Despite billion spac
Samuel Tucker MD,"778 Rickey Brooks, Taylorport, MT 85835",Say add prove face a
Christian Bailey,"30102 Elizabeth Islands Suite 788, Wyattville, PW 42777",Assume about informa
Roberto Wang,"5815 Garza Courts, Aprilmouth, AL 65469",Would rise morning d
Megan Davis,"126 Hernandez Rapids Suite 759, West Bethchester, PW 77665",I personal whether a
Bonnie Robinson,"282 Melanie Mountains Suite 685, Howeland, ND 60525",Identify hope thousa
Brenda Smith,"USNV Gray, FPO AA 90122",Outside argue raise 
Wanda Gonzalez,"609 Brandon Motorway, Port Joshua, MT 63908",How rise health orde
Matthew Haney,"432 Fleming Pines Apt. 399, Lake Raybury, FL 93465",Town south attack vi
Melissa Ho,"947 Tara Ranch Suite 609, Johnmouth, MP 90449",Might career how col
Karen Warner,"06021 Cox Place Apt. 182, Kylestad, PR 68509",Far day some believe
Danielle Gregory,"5530 Ray Knoll Apt. 445, North Brianport, IL 75635",Keep cost lay back e
Katelyn Russell,"34356 Carr Lakes Suite 136, Lake Samanthaborough, UT 31560",Example girl wide ch
Stephanie Cochran,"032 Levine Mews Suite 000, Ericville, NY 78231",Side age she police.
Mark Maldonado,"41796 Nunez Circles Suite 499, Barryborough, FM 62199",Ahead statement cent
Jade Griffin,"003 Samantha Fields, Hernandezland, GU 37478",Staff south station 
Matthew Blair,"9511 Byrd Islands, New Suzanne, CT 66830",Mrs class already na
Linda Perry,"62277 Courtney Trail Suite 006, Jenniferfurt, SD 66870",Prepare throughout h
Paula Jones,"741 Jones Mission, Harmonbury, MT 73344",Future off election.
Stacey Schwartz,"0560 Larry River, South Lindsayview, ID 11233",Population media sev
Todd Roman,"50490 Glenn Squares, Staceymouth, HI 04532",Early huge back gun 
Emily Shepard,"Unit 7006 Box 3021, DPO AP 63285",Mind wait cultural p
Erika Christian,"045 Fitzgerald Lodge, New Crystalhaven, VA 84423",Girl fish modern red
Pam Chavez,"6030 Moore Way, Stewartfort, SD 03166",East trouble necessa
Allison Luna,"56268 Parker Lane Apt. 960, West Susanchester, DC 90390",Expect majority stru
Corey Roman,"152 Gloria Club, Hernandezton, ME 64465",Difference edge thes
Susan Ramos,"8667 Kim Isle Suite 638, New Lawrenceport, MD 71189",Kid allow mother fis
Leah Brown,"3625 Norris Port, Cameronberg, WV 85760",Discussion nearly ne
Anthony Lowe,"776 Evan Vista, New Thomasland, NH 08466",Experience item bill
George Vega,"56993 Prince Motorway Apt. 587, Fergusonfurt, WI 51957",Hundred you apply ev
Travis Guzman,"22587 Garcia Plains Apt. 765, South Taylorton, MO 73093",Perform maintain aut
Thomas Gonzalez,"8295 Devin Branch, Marytown, IA 34278",Remain community fin
Derek Mccormick,"878 Sara Hills Apt. 144, West Nathanchester, ME 37545",Difficult so campaig
Brittney Garcia,"79619 Nguyen Well, Reidport, UT 28216",Weight blood game fi
Carolyn Allison,"85530 Tina Mews, New Devinmouth, NY 90298",Participant training
Tammy Ramos,"6845 Wolf Prairie Suite 592, Barbarafort, VI 51352",Project unit skin wh
Todd Hoffman,"Unit 8089 Box 4749, DPO AP 29423",Source report figure
Lindsey Thompson,"73507 Melissa Corners Apt. 808, New Nicholas, OR 85644",Quite long as too ar
Bryan Drake,"7432 Aguilar Road Apt. 634, Fowlerbury, MS 68223",Court season face bl
Patricia Wilson,"0090 Schultz Causeway, Lisaland, VA 75064",Democrat operation h
